point_name,user_point_name,point_number,fun_code,dev_addr,r_bit,value_type,point_unit,point_ratio,point_offset,user_ratio,user_point_offset,min_value,max_value,show,display_bits
开关量输入 DI,开关量输入 DI,0,3,1,,字,,1,0,1,0,,,1,2
开关量输出 DO (原始值),开关量输出 DO (原始值),1,3,1,,字,,1,0,1,0,,,1,
A相电压 (原始值),A相电压 (原始值),2,3,1,,字,,1,0,1,0,,,1,
B相电压 (原始值),B相电压 (原始值),3,3,1,,字,,1,0,1,0,,,1,
C相电压 (原始值),C相电压 (原始值),4,3,1,,字,,1,0,1,0,,,1,
A相电流 (原始值),A相电流 (原始值),5,3,1,,字,,1,0,1,0,,,1,
B相电流 (原始值),B相电流 (原始值),6,3,1,,字,,1,0,1,0,,,1,
C相电流 (原始值),C相电流 (原始值),7,3,1,,字,,1,0,1,0,,,1,
A相有功功率 (原始值),A相有功功率 (原始值),8,3,1,,字,,1,0,1,0,,,1,
B相有功功率 (原始值),B相有功功率 (原始值),9,3,1,,字,,1,0,1,0,,,1,
C相有功功率 (原始值),C相有功功率 (原始值),10,3,1,,字,,1,0,1,0,,,1,
总有功功率 (原始值),总有功功率 (原始值),11,3,1,,字,,1,0,1,0,,,1,
A相无功功率 (原始值),A相无功功率 (原始值),12,3,1,,字,,1,0,1,0,,,1,
B相无功功率 (原始值),B相无功功率 (原始值),13,3,1,,字,,1,0,1,0,,,1,
C相无功功率 (原始值),C相无功功率 (原始值),14,3,1,,字,,1,0,1,0,,,1,
总无功功率 (原始值),总无功功率 (原始值),15,3,1,,字,,1,0,1,0,,,1,
A相功率因数 (原始值),A相功率因数 (原始值),16,3,1,,字,,1,0,1,0,,,1,
B相功率因数 (原始值),B相功率因数 (原始值),17,3,1,,字,,1,0,1,0,,,1,
C相功率因数 (原始值),C相功率因数 (原始值),18,3,1,,字,,1,0,1,0,,,1,
A相电压谐波含有率 THDU (原始值),A相电压谐波含有率 THDU (原始值),19,3,1,,字,,1,0,1,0,,,1,
B相电压谐波含有率 THDU (原始值),B相电压谐波含有率 THDU (原始值),20,3,1,,字,,1,0,1,0,,,1,
C相电压谐波含有率 THDU (原始值),C相电压谐波含有率 THDU (原始值),21,3,1,,字,,1,0,1,0,,,1,
A相电流谐波含有率 THDI (原始值),A相电流谐波含有率 THDI (原始值),22,3,1,,字,,1,0,1,0,,,1,
B相电流谐波含有率 THDI (原始值),B相电流谐波含有率 THDI (原始值),23,3,1,,字,,1,0,1,0,,,1,
C相电流谐波含有率 THDI (原始值),C相电流谐波含有率 THDI (原始值),24,3,1,,字,,1,0,1,0,,,1,
电网频率 (原始值),电网频率 (原始值),25,3,1,,字,,1,0,1,0,,,1,
总有功电能 EPZ (原始值),总有功电能 EPZ (原始值),26,3,1,,字,,1,0,1,0,,,1,
总无功电能 EQZ (原始值),总无功电能 EQZ (原始值),27,3,1,,字,,1,0,1,0,,,1,
1路温度(NTC) (原始值),1路温度(NTC) (原始值),28,3,1,,字,,1,0,1,0,,,1,
2路温度(NTC) (原始值),2路温度(NTC) (原始值),29,3,1,,字,,1,0,1,0,,,1,
3路温度(NTC) (原始值),3路温度(NTC) (原始值),30,3,1,,字,,1,0,1,0,,,1,
4路温度(NTC) (原始值),4路温度(NTC) (原始值),31,3,1,,字,,1,0,1,0,,,1,
5路温度(预留) (原始值),5路温度(预留) (原始值),32,3,1,,字,,1,0,1,0,,,1,
6路温度(预留) (原始值),6路温度(预留) (原始值),33,3,1,,字,,1,0,1,0,,,1,
7路温度(预留) (原始值),7路温度(预留) (原始值),34,3,1,,字,,1,0,1,0,,,1,
环境温度(DHT11) (原始值),环境温度(DHT11) (原始值),35,3,1,,字,,1,0,1,0,,,1,
环境湿度(DHT11) (原始值),环境湿度(DHT11) (原始值),36,3,1,,字,,1,0,1,0,,,1,
漏电流 (原始值),漏电流 (原始值),37,3,1,,字,,1,0,1,0,,,1,
